{
    "version": "2.0",
    "text": "multimedia keys",
    "type": "single_choice",
    "default": 0,
    "data": [
        {
            "_text": "",
            "member": [
                {
                    "code": 0,
                    "text": "不设置"
                },
                {
                    "code": 1,
                    "text": "屏幕亮度+"
                },
                {
                    "code": 2,
                    "text": "屏幕亮度-"
                },
                {
                    "code": 3,
                    "text": "禁用/启用相机"
                },
                {
                    "code": 4,
                    "text": "开始录屏"
                },
                {
                    "code": 5,
                    "text": "打开游戏栏"
                },
                {
                    "code": 6,
                    "text": "屏幕截图"
                },
                {
                    "code": 7,
                    "text": "开始直播"
                },
                {
                    "code": 8,
                    "text": "静音"
                },
                {
                    "code": 9,
                    "text": "低音"
                },
                {
                    "code": 10,
                    "text": "音量+"
                },
                {
                    "code": 11,
                    "text": "音量-"
                },
                {
                    "code": 12,
                    "text": "播放/暂停"
                },
                {
                    "code": 13,
                    "text": "停止"
                },
                {
                    "code": 14,
                    "text": "上一曲"
                },
                {
                    "code": 15,
                    "text": "下一曲"
                },
                {
                    "code": 16,
                    "text": "低音+"
                },
                {
                    "code": 17,
                    "text": "低音-"
                },
                {
                    "code": 18,
                    "text": "高音+"
                },
                {
                    "code": 19,
                    "text": "高音-"
                },
                {
                    "code": 20,
                    "text": "媒体选择"
                },
                {
                    "code": 21,
                    "text": "邮件"
                },
                {
                    "code": 22,
                    "text": "计算器"
                },
                {
                    "code": 23,
                    "text": "我的电脑"
                },
                {
                    "code": 24,
                    "text": "网页搜索"
                },
                {
                    "code": 25,
                    "text": "网页主页"
                },
                {
                    "code": 26,
                    "text": "网页后退"
                },
                {
                    "code": 27,
                    "text": "网页前进"
                },
                {
                    "code": 28,
                    "text": "网页停止"
                },
                {
                    "code": 29,
                    "text": "网页刷新"
                },
                {
                    "code": 30,
                    "text": "网页收藏"
                }
            ]
        }
    ]
}